run_id,timestamp,agent_count,context_size,timeout_ms,mode,e2e_ms,vote_ms,audit_ms,orchestration_overhead_ms,max_provider_latency_ms,avg_agent_latency_ms,avg_agent_ttft_ms,successful_agents,total_agents,status,error
run_1759049038559_f237b543,1759049039560,3,1000,1000,cold,400.5714605326722,22.721572559957867,18.80937614653432,33.3614740235994,339.3530652523822,301.2249299351799,135.06718418798988,3,3,success,
run_1759049038560_5f982fad,1759049040560,3,1000,1000,cold,405.8123679189916,30.530773648601688,,67.59509979587159,357.03840324010804,327.87564999400075,145.45100660300162,3,3,success,
run_1759049038560_7a3772af,1759049041560,3,1000,1000,cold,340.65329330329365,24.41078952155148,,44.77025173774849,304.7114498058699,272.1683324682703,117.93986357103391,3,3,success,
run_1759049038560_5ae3ffb0,1759049042560,3,1000,1000,cold,381.8146220545922,27.475663553761226,,49.49362743581818,330.6201514778109,302.63560870262825,144.18480937511302,3,3,success,
run_1759049038560_1749fc49,1759049043560,3,1000,1000,cold,358.12714014300366,48.514319557574666,,34.842183643604,329.65237526856214,279.314056243104,120.20141130320239,3,3,success,
run_1759049038560_f923f701,1759049044560,3,1000,1000,cold,409.5442933055817,49.65906032372534,,30.319264287552983,379.0297305657518,305.3741058411244,166.3797884145487,3,3,success,
run_1759049038560_322aa2cd,1759049045560,3,1000,1000,cold,407.5727547314764,23.148975802312567,,45.33627484312533,389.49207264799077,344.363811461035,175.38934186510244,3,3,success,
run_1759049038560_ccd6bbe4,1759049046560,3,1000,1000,cold,408.7385962981225,27.125250329751218,,64.19023550995533,337.8201642370201,307.2350323861369,191.64460815727082,3,3,success,
run_1759049038560_e43a8e8a,1759049047560,3,1000,1000,cold,368.453586799369,32.511877484340296,,62.07360961655069,291.86409901717144,277.42816779465096,146.01011880241367,3,3,success,
run_1759049038560_ea23072d,1759049048560,3,1000,1000,cold,417.262309885344,24.5211502593174,,56.759816610976415,371.004119360918,329.3983694080394,186.75724006684447,3,3,success,
run_1759049038560_240ff8fe,1759049049560,3,1000,1000,warm,350.80793331965964,30.640330680032555,22.778422762648457,49.24468641097518,360.52102689886686,335.2445655900112,159.64595117987224,3,3,success,
run_1759049038560_b37db2e6,1759049050560,3,1000,1000,warm,324.53023057733037,38.61225928520531,,42.32008376145595,308.4870832532357,286.13700297512804,136.54990224549562,3,3,success,
run_1759049038560_69d6dba2,1759049051560,3,1000,1000,warm,291.83775256877715,42.59152785312715,,36.04342554374509,294.11005186105865,254.37894122259647,127.74716091077028,3,3,success,
run_1759049038560_66515b59,1759049052560,3,1000,1000,warm,294.21347332988984,25.71009329278924,,32.42880756351166,307.38619413391484,279.44971685082436,151.8244165692554,3,3,success,
run_1759049038560_5f1e935e,1759049053560,3,1000,1000,warm,295.4770750076594,35.69799444061036,,39.938747513685975,293.3853976511491,258.65987939182804,157.0839446664264,3,3,success,
run_1759049038561_fdd53eef,1759049054561,3,1000,1000,warm,380.10867976364545,44.89526620827801,,31.492081325585104,396.0584910812687,381.35007879147497,184.82808295170284,3,3,success,
run_1759049038561_7cd0755f,1759049055561,3,1000,1000,warm,323.10835630191883,37.80849604635823,,58.606394931040846,282.60129243053024,258.68481232725816,141.61151183196827,3,3,success,
run_1759049038561_daac8e7e,1759049056561,3,1000,1000,warm,402.91594524313075,45.53173115328765,,43.22851569627267,417.38244996552,368.3227885238898,143.15214998453428,3,3,success,
run_1759049038561_c5dfc9dc,1759049057561,3,1000,1000,warm,345.15765500505336,34.672570945855895,,30.69602311986663,369.2847419991567,297.8390641930804,165.73433775850995,3,3,success,
run_1759049038561_a5794c8d,1759049058561,3,1000,1000,warm,371.433035644156,43.53865021172324,,42.74335424513091,360.3194846539343,324.3964319956895,159.83561087907142,3,3,success,
run_1759049038561_cee79d0d,1759049059561,3,1000,2000,cold,438.2558633729465,28.668278748283214,26.324275085410576,58.20697034806666,325.3938995433139,303.1337890283233,163.8547049219411,3,3,success,
run_1759049038561_5be98138,1759049060561,3,1000,2000,cold,440.1953783000543,48.18136083618896,,68.55678519248893,379.8654888694415,310.67013533423324,179.96596293255774,3,3,success,
run_1759049038561_ca37d638,1759049061561,3,1000,2000,cold,337.46963840701534,20.040160061746285,,62.384931195474174,270.70971949133076,245.55152575594173,144.37704242992913,3,3,success,
run_1759049038561_acc9267f,1759049062561,3,1000,2000,cold,414.5011291599334,39.208537341229416,,47.8346294355606,294.3530451348974,286.3378649620785,146.0448794170663,3,3,success,
run_1759049038561_aa9c7a21,1759049063561,3,1000,2000,cold,391.8502215940911,48.29940675381705,,47.065709596745265,294.0124118068892,269.2344953103839,129.0315594468033,3,3,success,
run_1759049038561_ee79d21f,1759049064561,3,1000,2000,cold,405.026170419942,21.639724779913152,,59.50870644823005,367.394350932221,350.59847725729645,154.07533956576114,3,3,success,
run_1759049038561_15ca7cda,1759049065561,3,1000,2000,cold,320.5152991719824,21.309439468396135,,31.03229031284714,285.1606631546176,259.4071382701834,157.68873768081207,3,3,success,
run_1759049038561_e84b1014,1759049066561,3,1000,2000,cold,366.4046935893804,42.56617503705509,,35.03207509918359,337.59491774052236,284.8347570537317,139.51451050654182,3,3,success,
run_1759049038561_ca21e144,1759049067561,3,1000,2000,cold,405.404201770162,45.55825137038235,,55.915490381590295,343.30300160813164,311.5065983037502,121.37199159605187,3,3,success,
run_1759049038561_d160be04,1759049068561,3,1000,2000,cold,339.431725418976,39.03892740020062,,46.55788698703924,249.9937397596779,234.82847534963685,131.6909943950582,3,3,success,
run_1759049038561_93d96e1f,1759049069561,3,1000,2000,warm,376.3611204509297,27.84614273838087,28.927241991490583,68.25343140189607,367.68795594185787,297.4223116010615,141.0298575622996,3,3,success,
run_1759049038561_2c803892,1759049070561,3,1000,2000,warm,316.6642347317938,34.30555083043521,,41.05101563675728,325.09806124438876,298.26625039688474,149.75764690508265,3,3,success,
run_1759049038561_25ef3c23,1759049071561,3,1000,2000,warm,345.85608294522007,46.48485228811615,,46.285498124871424,311.3078967744191,288.4737368597728,168.0118411007998,3,3,success,
run_1759049038561_0a22f4d7,1759049072561,3,1000,2000,warm,319.7817395332862,45.08139108172431,,56.65715685859479,294.61272989538907,276.8786296927689,127.11823438414636,3,3,success,
run_1759049038561_0f7ac46c,1759049073561,3,1000,2000,warm,335.6219451035883,27.724664046115542,,65.3116379029145,323.966979372934,308.23954019719804,145.7689396638202,3,3,success,
run_1759049038561_2f9cfa20,1759049074561,3,1000,2000,warm,386.141415268702,23.435630976237174,,44.519861425313465,408.5665652260119,396.72522676360626,194.17051711359218,3,3,success,
run_1759049038561_b5bc340c,1759049075561,3,1000,2000,warm,384.80863417432283,32.29357079048142,,47.5894073985595,408.9098220261656,334.4541125931933,151.60889349229757,3,3,success,
run_1759049038561_90726b19,1759049076561,3,1000,2000,warm,316.2779155248465,21.686829611159478,,37.33878977036283,299.9303103426342,285.5484258637378,149.49060282274527,3,3,success,
run_1759049038561_7f51be55,1759049077561,3,1000,2000,warm,368.66634532318596,41.073758366386286,,46.047353995624746,288.03456566710753,266.42001189831535,139.00025555415527,3,3,success,
run_1759049038561_b8c75fb6,1759049078561,3,1000,2000,warm,366.17698579784513,34.72476429445735,,59.90531207831939,320.9111140926202,298.46789981913383,122.0197477555228,3,3,success,
run_1759049038561_cf2aa78e,1759049079561,3,4000,1000,cold,568.999249437153,45.90787622988576,24.014431211491644,69.05546351356348,390.285592272286,373.996079623261,202.88282248971655,3,3,success,
run_1759049038561_c15a0d6b,1759049080561,3,4000,1000,cold,584.0421356389877,48.470377863634724,,49.92521291076203,548.9763827335394,519.9359320323441,239.8713040077731,3,3,success,
run_1759049038561_df25a02d,1759049081561,3,4000,1000,cold,513.5720169192548,22.700747028989245,,50.361607062572595,492.92483648899105,451.6421866643109,202.11233890250332,3,3,success,
run_1759049038561_b6a4dae2,1759049082561,3,4000,1000,cold,537.1286998920373,21.616501514962373,,58.18832254892705,478.8042225839734,444.7837284010446,160.9901483104957,3,3,success,
run_1759049038561_6234a8b6,1759049083561,3,4000,1000,cold,505.29893974341235,41.63248208474338,,46.91625204661396,410.597873529131,386.86453433221396,228.8948922474724,3,3,success,
run_1759049038561_d97f9246,1759049084561,3,4000,1000,cold,515.613736358418,27.530826794849542,,40.044088091172526,488.9541093022962,456.7666312028789,245.00739048299147,3,3,success,
run_1759049038561_979528c6,1759049085561,3,4000,1000,cold,539.7630118724098,42.76601954743522,,44.6318659066041,510.28258874392907,473.35117922999757,201.99008781255137,3,3,success,
run_1759049038561_bccf6c26,1759049086561,3,4000,1000,cold,480.7065218200406,40.61838110643962,,39.72395434870458,392.88282310970294,388.2886869006008,196.05774207936557,3,3,success,
run_1759049038561_2b054aca,1759049087561,3,4000,1000,cold,568.6368099264464,48.80531237852587,,57.4910929906972,541.7533690349943,483.4347550266891,206.7902379061538,3,3,success,
run_1759049038561_5c1bf95e,1759049088561,3,4000,1000,cold,491.1327973460733,29.178269626937563,,35.09264154476048,480.35489185739084,458.620334584398,182.09623340241333,3,3,success,
run_1759049038561_673b9682,1759049089561,3,4000,1000,warm,572.1765708509628,49.170107188255955,33.40359720938503,33.00062656983116,534.6416145372032,476.2405892494523,232.71730408756832,3,3,success,
run_1759049038561_139cc9a9,1759049090561,3,4000,1000,warm,493.2259244634038,42.99032240160508,,53.055705537298856,477.5301214777855,446.2196414549665,160.40903365355504,3,3,success,
run_1759049038561_13a9cb58,1759049091561,3,4000,1000,warm,543.7448918927447,48.613131783588344,,48.29693809677251,586.3606263087437,498.3222966640674,218.35212310208712,3,3,success,
run_1759049038561_05088bfc,1759049092561,3,4000,1000,warm,431.63147483438394,29.99057591361393,,45.81772247216573,430.4977733454515,392.6698515241913,204.0039275048823,3,3,success,
run_1759049038561_2d390c21,1759049093561,3,4000,1000,warm,516.9742399571757,22.743520397888425,,68.98894740244478,527.8851735625708,479.45405435655977,182.55844547274378,3,3,success,
run_1759049038561_7f6b601d,1759049094561,3,4000,1000,warm,491.7311411951427,38.05283776794323,,57.43850489911269,529.5626833068662,440.9048180763857,229.32018565210774,3,3,success,
run_1759049038561_781ab060,1759049095561,3,4000,1000,warm,440.1540371229673,22.107517154351072,,34.489372672405636,477.31638890518605,399.577673230657,218.98480434743064,3,3,success,
run_1759049038561_58ad8bfe,1759049096561,3,4000,1000,warm,519.4991241289235,38.18053967953896,,32.88144467567807,546.9629815133818,522.1619053681447,238.84826894468588,3,3,success,
run_1759049038561_c3a057dc,1759049097561,3,4000,1000,warm,485.4791316997202,31.59894895078893,,57.88883746405836,454.14771615503633,407.21844810036737,248.6526877696714,3,3,success,
run_1759049038561_52131a5d,1759049098561,3,4000,1000,warm,469.8422253734216,49.92793337743337,,45.03290508015159,502.49410349280333,438.0334991952362,185.67740164727073,3,3,success,
run_1759049038561_35d89abb,1759049099561,3,4000,2000,cold,532.0057208827188,33.24173064898372,18.095539361704517,59.27096806858124,464.3905418122771,402.2694063792578,176.60611942113522,3,3,success,
run_1759049038561_c5f87cad,1759049100561,3,4000,2000,cold,534.4652022867365,33.4081673768203,,34.29880095681415,482.8590017554525,464.63355929472567,202.19273171836528,3,3,success,
run_1759049038561_6189774d,1759049101561,3,4000,2000,cold,534.7521168158437,30.44906029188015,,37.721078943937,485.13593139377224,461.5987960995885,263.0097970361554,3,3,success,
run_1759049038561_22767bcc,1759049102561,3,4000,2000,cold,584.6838200333999,20.717050883544086,,67.76742909815484,575.2421898353693,526.8896471641439,182.99180771080432,3,3,success,
run_1759049038561_8d04a2cd,1759049103561,3,4000,2000,cold,508.83493695263957,46.055416548080174,,44.92046339814334,485.6805449272501,465.00300332426906,180.6812465752547,3,3,success,
run_1759049038561_817fce68,1759049104561,3,4000,2000,cold,575.0167158680284,38.342465541827586,,57.12988132907988,546.2194345641179,504.1493064405087,190.83856874443097,3,3,success,
run_1759049038561_f658f7d8,1759049105561,3,4000,2000,cold,563.755132515246,42.32517074513993,,37.899183429537274,548.9691219357935,495.31397920226283,227.90171095294224,3,3,success,
run_1759049038561_4016b2b1,1759049106561,3,4000,2000,cold,518.6883067978445,22.651249911350227,,46.98908396306035,529.256528517311,507.23799389349824,203.45442685896842,3,3,success,
run_1759049038561_fd47a832,1759049107561,3,4000,2000,cold,563.2289614971993,32.90708565230348,,42.40026036596862,580.5576909601324,538.0937923174633,201.1872837913086,3,3,success,
run_1759049038561_62e6ca53,1759049108561,3,4000,2000,cold,523.6181221036576,34.86647107962418,,68.77844960659264,492.23541413512123,434.4692408966825,202.44654413059678,3,3,success,
run_1759049038561_39065765,1759049109561,3,4000,2000,warm,502.6887750118456,36.67703323465719,29.132701101507944,46.65502697680661,531.820208617561,496.81466292200616,188.5323984373251,3,3,success,
run_1759049038561_419572e0,1759049110561,3,4000,2000,warm,451.7867033429871,21.340107549933766,,44.108195960178016,505.3129040933406,460.11940355549814,213.2798106335972,3,3,success,
run_1759049038561_6d597807,1759049111561,3,4000,2000,warm,416.2566506483118,30.40047371072314,,41.16582626188131,463.7074816254858,416.8181182378201,187.520209782367,3,3,success,
run_1759049038561_d9ee31e8,1759049112561,3,4000,2000,warm,481.002188620983,42.167527749481195,,42.47201811234626,527.9002013945749,485.4878061241414,176.21888866383813,3,3,success,
run_1759049038561_806a5236,1759049113561,3,4000,2000,warm,514.530285630057,21.738570854438848,,49.352608908643944,584.7836788025996,543.5868026543321,216.70379601424108,3,3,success,
run_1759049038561_33e6db5e,1759049114561,3,4000,2000,warm,485.7550063693268,27.853882668612513,,48.98859230969311,568.1464527961058,491.9049899777313,212.65481220211868,3,3,success,
run_1759049038561_29e11c57,1759049115561,3,4000,2000,warm,539.252534428943,28.80617621293402,,69.69306994369293,560.3472104627193,487.60933324908007,215.75556621710496,3,3,success,
run_1759049038561_abfbb6d7,1759049116561,3,4000,2000,warm,455.0849588519816,36.26772103409479,,62.652997833823456,500.1655554433728,484.68061917979776,192.3252186172739,3,3,success,
run_1759049038561_223b6902,1759049117561,3,4000,2000,warm,476.1775667974051,46.84996201125407,,50.28054875114336,460.17637953584955,448.47251172885314,192.9581019471418,3,3,success,
run_1759049038561_a8108eb6,1759049118561,3,4000,2000,warm,458.78748605455274,38.59633088678066,,38.467751434616666,438.85578493212995,410.0128665357065,170.4360035586055,3,3,success,
run_1759049038561_d763b5ca,1759049119561,3,8000,1000,cold,813.6328404233786,47.39094034652996,29.861806575920898,55.36117057845811,784.7414394094884,745.948682593179,319.47646834465104,3,3,success,
run_1759049038561_b8f66e42,1759049120561,3,8000,1000,cold,694.3503672228672,32.45750984825201,,58.65482104725408,682.3039314925073,565.3245117175594,233.72160624788725,3,3,success,
run_1759049038561_f19ee8b6,1759049121561,3,8000,1000,cold,791.3614577174354,34.94507442720857,,66.66365499110461,814.2592544541608,753.6295765826084,300.2624677284862,3,3,success,
run_1759049038561_28aa3dd9,1759049122561,3,8000,1000,cold,725.1673114784909,29.565815473246055,,47.85714551675595,736.3672372458174,722.0664125505076,283.2360725660748,3,3,success,
run_1759049038561_aece277c,1759049123561,3,8000,1000,cold,761.0164850851058,27.775086490244497,,53.16695975642543,764.3837428825638,694.4601643641907,246.66488212093807,3,3,success,
run_1759049038561_a5c3bd76,1759049124561,3,8000,1000,cold,726.5459025375243,24.167433368770723,,47.61766986014337,683.4000210333164,612.9847716559826,290.6831569069812,3,3,success,
run_1759049038561_49c7b1f3,1759049125561,3,8000,1000,cold,731.2098963776904,38.49340011243723,,33.68326172515711,759.865847595605,706.2461582500974,278.18357399606924,3,3,success,
run_1759049038561_771af2ad,1759049126561,3,8000,1000,cold,721.8314220439563,37.986145199673715,,50.19575776384012,686.3140455467889,661.1068837839324,272.7330218197109,3,3,success,
run_1759049038561_f9ce9e4d,1759049127561,3,8000,1000,cold,793.33358433523,41.378702460291976,,58.82870281627237,797.5541243809078,711.4694756284749,276.6496207180866,3,3,success,
run_1759049038561_02570b72,1759049128561,3,8000,1000,cold,776.9581276185793,23.456829008522867,,55.44115623748105,832.4639704968847,694.8194599444545,316.61610049098874,3,3,success,
run_1759049038561_4a55e883,1759049129561,3,8000,1000,warm,693.250228564992,23.030790629642414,33.081467276300074,45.422204064544964,647.3226058245679,617.7733611412274,304.10029930699625,3,3,success,
run_1759049038561_01758f9f,1759049130561,3,8000,1000,warm,680.2757830011574,47.87901057744355,,33.1661212585655,781.9845926167734,616.279138476909,246.32892971871607,3,3,success,
run_1759049038561_053e6089,1759049131561,3,8000,1000,warm,679.1182887172363,41.279063015913444,,54.09204112365786,788.6399241046522,698.3503281031735,280.6149564552434,3,3,success,
run_1759049038561_7210ca9c,1759049132561,3,8000,1000,warm,641.2102875671155,30.383023362004828,,30.75679086308913,657.5357304157209,623.2752514188409,272.34885308448384,3,3,success,
run_1759049038561_2db3eceb,1759049133561,3,8000,1000,warm,674.1753113740226,33.02684554162802,,57.781576211662085,600.9298975141115,584.4724789957775,229.93085813769667,3,3,success,
run_1759049038561_7d0f397e,1759049134561,3,8000,1000,warm,639.1063570944507,47.37086325634219,,31.459854785701687,682.2164910031702,655.4825268668627,268.0944735311521,3,3,success,
run_1759049038561_44d511ba,1759049135561,3,8000,1000,warm,697.0053590169862,37.734571023868185,,69.65745166840819,780.9785917279883,739.0329581343575,259.5792751693205,3,3,success,
run_1759049038561_a9d00a73,1759049136561,3,8000,1000,warm,640.9950463997353,39.400163953012395,,36.558413997475,661.7852397743657,609.3338016017871,255.2594165006618,3,3,success,
run_1759049038561_90be7374,1759049137561,3,8000,1000,warm,708.460678033525,36.37648493418263,,38.96961618181172,823.4999811022809,692.8256946550761,322.98879562443204,3,3,success,
run_1759049038561_5bc3883c,1759049138561,3,8000,1000,warm,632.6181291074616,28.35173438834311,,35.71414384741361,727.02436011394,662.1833264228358,284.02670394640523,3,3,success,
run_1759049038561_36ca1656,1759049139561,3,8000,2000,cold,737.9292959089497,31.05644930221289,34.70202834005914,65.16901141745971,716.1172406091764,620.9438916653072,235.7108866076791,3,3,success,
run_1759049038561_6a13fe56,1759049140561,3,8000,2000,cold,681.9914690476462,28.061573190785865,,44.02396914235932,717.3608843230071,637.4248249743822,246.67883100081465,3,3,success,
run_1759049038561_071db8ae,1759049141561,3,8000,2000,cold,779.8758716474346,27.70102097806012,,62.2370607115456,793.424477083937,727.7694637540063,297.44481052955285,3,3,success,
run_1759049038561_2ad7dc31,1759049142561,3,8000,2000,cold,774.8219972634146,41.47233958296957,,53.33606258918171,750.9556260282632,724.3808983585023,312.36408267054685,3,3,success,
run_1759049038561_3088c829,1759049143561,3,8000,2000,cold,769.7655389964098,26.379748956163603,,65.18144703731724,747.1177957191416,627.7074888936845,337.583457459935,3,3,success,
run_1759049038561_7f6a0f39,1759049144561,3,8000,2000,cold,740.771425445176,33.081059874026266,,42.51595745844835,726.0025321595481,708.2967608958361,318.1418457174657,3,3,success,
run_1759049038561_7458faae,1759049145561,3,8000,2000,cold,718.8643740171689,44.99795368112093,,38.485250876528724,664.7278497795185,618.7916231571716,278.1463931113971,3,3,success,
run_1759049038561_a4506d96,1759049146561,3,8000,2000,cold,690.7035022797455,23.88795188655327,,56.69576927306336,680.0270874076404,605.2846489488578,241.44227432221987,3,3,success,
run_1759049038561_939837ce,1759049147561,3,8000,2000,cold,685.2054572948637,36.93877721408955,,38.92958298432285,644.890537160195,583.700815262457,269.2417105888624,3,3,success,
run_1759049038561_419b932f,1759049148561,3,8000,2000,cold,735.0387158046959,40.521729573318794,,61.76756811215738,684.98375269637,618.7322879329604,306.98019732985705,3,3,success,
run_1759049038561_fa7dcc7a,1759049149561,3,8000,2000,warm,668.4961544590191,24.50620602485437,21.25439804351162,40.956827111225806,641.0627136990917,573.588703393869,318.62516088137505,3,3,success,
run_1759049038561_d6dbedf0,1759049150561,3,8000,2000,warm,683.6551515139093,24.905238672288213,,59.825040163099644,687.8669086588941,632.6551496233111,356.2418182228857,3,3,success,
run_1759049038562_b9472552,1759049151562,3,8000,2000,warm,710.0462178885585,43.81283040877252,,32.81685433901618,756.4800763169471,688.9733973029843,284.8258322355652,3,3,success,
run_1759049038562_4c938e59,1759049152562,3,8000,2000,warm,637.3052518430601,47.461582368795575,,33.66417812088465,642.0288167327365,594.2794064758986,288.075289703779,3,3,success,
run_1759049038562_7a152d1c,1759049153562,3,8000,2000,warm,643.4203885977324,39.30488994462719,,64.72520733075487,706.325314053479,653.5426311403322,269.20938882749766,3,3,success,
run_1759049038562_1f4c86d8,1759049154562,3,8000,2000,warm,661.061678553343,37.1026538062366,,60.77273523508811,609.4445076254592,557.7007837095445,240.70605557336748,3,3,success,
run_1759049038562_0c8d7119,1759049155562,3,8000,2000,warm,603.1886544118106,31.708355209248943,,59.12723460897897,672.5610083684049,590.870585572512,268.8940210621424,3,3,success,
run_1759049038562_812c96ba,1759049156562,3,8000,2000,warm,617.1976266506055,44.674889917658874,,46.48243033943547,637.1707228454362,580.8724193491154,273.90722824522715,3,3,success,
run_1759049038562_5bcd2b90,1759049157562,3,8000,2000,warm,688.6187842901537,31.497116666647802,,64.4184294046945,654.1198416286995,601.0962197769578,304.28356265160573,3,3,success,
run_1759049038562_17860e89,1759049158562,3,8000,2000,warm,611.8066032537434,35.258034422066125,,62.998049024793865,721.6802980921387,641.5984505230764,244.88580156160924,3,3,success,
run_1759049038562_89c8f53b,1759049159562,5,1000,1000,cold,431.39686636116915,37.74218383812163,24.822811931581022,56.069175229262754,369.9272086594553,318.3813942380995,126.62278023767381,5,5,success,
run_1759049038562_7e5ce4fb,1759049160562,5,1000,1000,cold,420.0751087394086,27.61131384962698,,57.28840796415494,399.9146732163975,345.67445286661365,123.31156967131251,5,5,success,
run_1759049038562_a59d3299,1759049161562,5,1000,1000,cold,410.75346479000973,36.23726201544286,,42.1277956587201,344.9376576536002,314.403967211544,173.6319187571841,5,5,success,
run_1759049038562_d2f59723,1759049162562,5,1000,1000,cold,413.7231479048321,20.33780733603588,,50.2444632516265,399.70972893494513,332.68759657659155,143.86607385416013,5,5,success,
run_1759049038562_599b3d53,1759049163562,5,1000,1000,cold,400.0389362570411,21.148178191891862,,55.65320959704302,382.21004318216944,345.8707497543459,141.5740164610569,5,5,success,
run_1759049038562_32eb4e6a,1759049164562,5,1000,1000,cold,442.984404277507,46.904344283673524,,56.69697586923604,401.0477747766352,351.248012775083,201.40565224171297,5,5,success,
run_1759049038562_4856df7c,1759049165562,5,1000,1000,cold,406.1993060668856,24.474710184674727,,40.84846039292817,397.1025096691683,370.4071208808369,155.48158576067613,5,5,success,
run_1759049038562_71c3e0d2,1759049166562,5,1000,1000,cold,388.3203256998027,29.929373216996282,,33.01438419386086,384.95160055529254,323.0574841406199,143.6906149036531,5,5,success,
run_1759049038562_ece09e1d,1759049167562,5,1000,1000,cold,336.7079728933256,32.47784008014744,,47.386710769005724,292.36371487302205,267.47952939696734,129.19064015983508,5,5,success,
run_1759049038562_675f9cd3,1759049168562,5,1000,1000,cold,398.6541992489367,42.751553608112616,,36.613339923265606,372.97804593368943,319.43072093404584,123.17515654099729,5,5,success,
run_1759049038562_96e5911a,1759049169562,5,1000,1000,warm,426.8303278088375,47.2640391005843,25.17882965020054,45.1510288212403,406.0321160911371,336.76193043346865,192.23416742766716,5,5,success,
run_1759049038562_32bfea61,1759049170562,5,1000,1000,warm,407.8049279821093,38.88623750072945,,53.76643057545381,401.5924084225854,358.0184270541461,159.76264117905848,5,5,success,
run_1759049038562_402c56a6,1759049171562,5,1000,1000,warm,398.5277262031698,39.0541116823823,,49.596817003326315,389.71401003922824,342.25154189835376,171.09946316699362,5,5,success,
run_1759049038562_cc2986fb,1759049172562,5,1000,1000,warm,405.2691751847836,37.15641024903769,,66.11095025382805,373.2498494783294,333.7532749224098,154.43872190085477,5,5,success,
run_1759049038562_2fe4e21f,1759049173562,5,1000,1000,warm,353.9174042944795,48.314036249691526,,40.536525373261156,334.9155596204814,274.6530125649705,143.1256839979031,5,5,success,
run_1759049038562_81e0fcbd,1759049174562,5,1000,1000,warm,329.21601913492447,46.69948707919072,,43.949240689643865,290.5651306734678,266.38701761423516,132.3154815141695,5,5,success,
run_1759049038562_fd38d0fa,1759049175562,5,1000,1000,warm,356.2745753688096,48.5701255557181,,38.69000760304483,380.8803760097144,337.8833359950102,167.93003088886107,5,5,success,
run_1759049038562_b98e111e,1759049176562,5,1000,1000,warm,353.2728730333654,22.05817308865505,,62.743437412522916,383.8202600082543,349.49573421437265,145.0143773424327,5,5,success,
run_1759049038562_2b30ff37,1759049177562,5,1000,1000,warm,299.00112276796006,38.07062248658805,,47.29332473526442,303.5943351271615,255.22205942181785,150.0092351426875,5,5,success,
run_1759049038562_93450a0a,1759049178562,5,1000,1000,warm,368.3999587763061,29.176750796578936,,63.95847233708993,348.74516723310904,294.15515682152085,136.4064385622392,5,5,success,
run_1759049038562_e4708f43,1759049179562,5,1000,2000,cold,363.4565747204281,40.48916358967353,20.683627617498242,39.88318848130348,302.6266258747025,255.47863013563483,139.20224093834045,5,5,success,
run_1759049038562_611436a3,1759049180562,5,1000,2000,cold,339.7142360942335,39.81045072091898,,34.63719237282538,293.1724867987507,251.93938067261087,109.24671045282892,5,5,success,
run_1759049038562_40560024,1759049181562,5,1000,2000,cold,384.97408654191537,40.76993137020111,,53.99807097255427,341.85341358122633,292.7232762973603,144.62307208974008,5,5,success,
run_1759049038562_8507715c,1759049182562,5,1000,2000,cold,370.0833128119377,44.12888126514239,,30.587531353208135,344.8756662939647,277.49144094451174,150.3916615272943,5,5,success,
run_1759049038562_bf83210f,1759049183562,5,1000,2000,cold,395.15968141168736,31.959486487833846,,43.82012435984524,339.021870557501,329.183015918615,127.91710209609894,5,5,success,
run_1759049038562_ec1e8329,1759049184562,5,1000,2000,cold,362.2959923312571,21.870769415192793,,44.823790203345894,307.39250661774054,272.1276854841659,140.6784218751543,5,5,success,
run_1759049038562_4ee94120,1759049185562,5,1000,2000,cold,395.11979447910414,25.91761657503144,,55.73374987796263,367.9056034407174,331.5736353315694,138.7074191844378,5,5,success,
run_1759049038562_d9405c14,1759049186562,5,1000,2000,cold,379.64211580778164,33.81780873721553,,63.68510650399735,313.6654584303347,293.02816408708213,140.92131614867088,5,5,success,
run_1759049038562_38a625c7,1759049187562,5,1000,2000,cold,368.173349505911,37.13324088646471,,56.34973982616374,291.92937282548525,252.4613973116101,150.80946691326793,5,5,success,
run_1759049038562_155cd634,1759049188562,5,1000,2000,cold,407.6125041544887,45.47916170872131,,64.79894806320914,347.5525033265061,324.6406639105755,143.5809616279392,5,5,success,
run_1759049038562_878d4666,1759049189562,5,1000,2000,warm,429.2034123895082,22.25595765749709,31.97166325416195,65.43027000007687,397.28107274663415,336.1855803705801,158.11856263477551,5,5,success,
run_1759049038562_75af649d,1759049190562,5,1000,2000,warm,285.448955607344,24.44929886197579,,31.23787959566269,305.1742110985855,266.6284829993873,109.04709564307709,5,5,success,
run_1759049038562_968462f4,1759049191562,5,1000,2000,warm,293.3028968798828,21.161430613205624,,38.23247732872743,300.00912715743993,252.16791293896085,135.49214528195859,5,5,success,
run_1759049038562_999d58a4,1759049192562,5,1000,2000,warm,323.9980230383174,43.33167276757133,,39.91278929528501,314.53004526783354,292.77736181969783,123.33789070325227,5,5,success,
run_1759049038562_58303790,1759049193562,5,1000,2000,warm,319.6460070601166,44.181857018125214,,63.338911864709814,301.5563095643011,252.08393737765542,124.97032478176538,5,5,success,
run_1759049038562_954a2c43,1759049194562,5,1000,2000,warm,366.3118922746766,24.72762349115939,,53.60664058079516,347.3964604030711,287.305150306316,177.62608488384626,5,5,success,
run_1759049038562_e7e92f70,1759049195562,5,1000,2000,warm,317.9357793577719,49.11403219265473,,39.38389942220344,293.90618361418313,274.87565111421065,122.53206012229694,5,5,success,
run_1759049038562_5ff00b25,1759049196562,5,1000,2000,warm,378.61325080481214,46.030582818328426,,68.81113076145573,338.48800632414145,297.2254514809953,129.02990409424123,5,5,success,
run_1759049038562_473f9ed1,1759049197562,5,1000,2000,warm,332.1294456487072,42.33929209581541,,45.9680347151083,308.5421386395309,269.5843208247931,118.53559854048999,5,5,success,
run_1759049038562_38847e5b,1759049198562,5,1000,2000,warm,293.0530399239031,27.57480490141539,,36.61761723784696,314.93129939925245,259.9036299002384,140.58935071359517,5,5,success,
run_1759049038562_a975de02,1759049199562,5,4000,1000,cold,629.1515661425753,46.03247084894133,20.739299788939096,65.59808948091079,588.443412997567,482.1667949660391,215.69258403025432,5,5,success,
run_1759049038562_e9dbdacb,1759049200562,5,4000,1000,cold,549.6911190591433,38.781013814543904,,49.711398889628086,537.642465683079,475.00257938344873,194.81274137992418,5,5,success,
run_1759049038562_32ff2cfa,1759049201562,5,4000,1000,cold,541.6857317052139,26.65422462072774,,68.38118826664063,522.9609040370486,438.4973863232217,221.57172505727726,5,5,success,
run_1759049038562_35cda92f,1759049202562,5,4000,1000,cold,557.0322066357379,21.364303897188755,,63.88920504864118,495.776105552458,476.8555077771016,229.98007268712936,5,5,success,
run_1759049038562_1eba88c0,1759049203562,5,4000,1000,cold,533.359839588343,28.170388687632737,,50.735541817858746,503.5349986510759,444.960347365521,233.2142778766337,5,5,success,
run_1759049038562_cc5ece84,1759049204562,5,4000,1000,cold,491.5826744729983,36.849110646930136,,39.053911533688755,442.652199681594,421.1531402450379,182.14410781394704,5,5,success,
run_1759049038562_e947f64a,1759049205562,5,4000,1000,cold,536.513846887558,48.49577817381556,,47.49614297929383,498.1267973669382,433.6395948353306,186.55661838327222,5,5,success,
run_1759049038562_3094da58,1759049206562,5,4000,1000,cold,583.1422536971698,39.10978643925306,,66.45935407388374,522.7811881086352,455.70008303587,239.79299680547928,5,5,success,
run_1759049038562_6455e299,1759049207562,5,4000,1000,cold,497.7586736381595,48.63166698222025,,30.11671266246358,498.7785581688583,436.7096649480166,205.8868095883941,5,5,success,
run_1759049038562_f9a47b73,1759049208562,5,4000,1000,cold,502.119849930217,24.717580746549118,,32.424961684117626,516.9581469796329,467.1146819788584,195.66157024767418,5,5,success,
run_1759049038562_c6a64ed9,1759049209562,5,4000,1000,warm,520.0468195860137,34.68831921886916,33.99611967475148,69.43305705079032,456.94560449445896,395.46334390668943,200.756340626294,5,5,success,
run_1759049038562_eceb3c88,1759049210562,5,4000,1000,warm,472.2385595106065,30.50921810287547,,52.38981492819886,510.3140164223888,426.7820140133741,185.10621105342292,5,5,success,
run_1759049038562_372449d8,1759049211562,5,4000,1000,warm,480.7696957298008,38.05960764532295,,63.7277070024512,493.06142125846185,411.9637937709487,204.62548528975358,5,5,success,
run_1759049038562_8a0ec5ec,1759049212562,5,4000,1000,warm,483.83375134569013,25.01241694383242,,36.475848967033315,497.2356017403104,455.01492781321633,222.73824233463273,5,5,success,
run_1759049038562_d579fe4a,1759049213562,5,4000,1000,warm,502.6420039803709,20.033405114431282,,49.94363886743627,573.8333519648535,553.4957187804192,219.69276550094324,5,5,success,
run_1759049038562_19a5f2f5,1759049214562,5,4000,1000,warm,480.9596723137672,22.582614682435647,,38.853130046248396,499.3365501886816,452.40946851250317,224.82815277874062,5,5,success,
run_1759049038562_a8ba3ca7,1759049215562,5,4000,1000,warm,483.78466373517267,25.757420617052613,,48.95024153056393,557.5945073591985,506.19471164108035,228.39628690055815,5,5,success,
run_1759049038562_88dcfad7,1759049216562,5,4000,1000,warm,489.30555264812574,25.454921131767392,,48.81071610751426,537.8953857566912,512.5122114963231,217.64201381715606,5,5,success,
run_1759049038562_7d924377,1759049217562,5,4000,1000,warm,513.309206428901,32.07171743449138,,67.5599134285681,575.4510885579917,504.5865769056385,217.68781567840261,5,5,success,
run_1759049038562_21717658,1759049218562,5,4000,1000,warm,467.4146531998541,20.79137135035715,,55.28436338638846,488.282029725686,448.21752341155144,230.491966466416,5,5,success,
run_1759049038562_709369df,1759049219562,5,4000,2000,cold,498.5529514096646,28.88073598274413,24.083849595002196,34.43985529068734,418.59538996820305,360.31398097797967,197.1457945801156,5,5,success,
run_1759049038562_eb7e0b0e,1759049220562,5,4000,2000,cold,490.69868316893997,23.11972609104018,,44.12260894370047,486.1818869600067,422.40677670559944,171.76620661312168,5,5,success,
run_1759049038562_59f1babb,1759049221562,5,4000,2000,cold,523.1827731356418,38.838209097262634,,47.18006730009506,407.10679274536335,376.82859737598267,228.71258073656932,5,5,success,
run_1759049038562_6002ca4b,1759049222562,5,4000,2000,cold,555.5767062890582,42.32544450569698,,60.872659618160355,520.3870456083872,476.602939036314,206.8127110621965,5,5,success,
run_1759049038562_29f63773,1759049223562,5,4000,2000,cold,584.3563218686435,24.19365347092999,,65.0541094571038,535.1015666096022,458.16115560472497,184.9479050767246,5,5,success,
run_1759049038562_1aa35f60,1759049224562,5,4000,2000,cold,554.4784256344943,35.18985982985471,,62.425789648532906,540.5740060421339,474.18783807646906,231.8473363351067,5,5,success,
run_1759049038562_99648002,1759049225562,5,4000,2000,cold,570.0192436020432,23.47683891110987,,67.43949760684028,561.4647490414147,493.9314850504019,190.7222061197213,5,5,success,
run_1759049038562_c0ba230f,1759049226562,5,4000,2000,cold,549.8291495581636,43.18685093436356,,53.37445461688415,540.7070234518438,486.21881899915024,216.05416116906525,5,5,success,
run_1759049038562_605bd239,1759049227562,5,4000,2000,cold,546.648221496256,46.560802186622354,,55.27663358344812,500.12888332266317,420.10667590060694,179.31748990543915,5,5,success,
run_1759049038562_16488b09,1759049228562,5,4000,2000,cold,527.4641703115601,41.20741020537083,,38.09068193454689,463.60358618341184,441.44557198386866,197.17675574496772,5,5,success,
run_1759049038562_6cebb20c,1759049229562,5,4000,2000,warm,485.24979283276144,34.24950901648364,19.142858016825507,44.65708764865562,465.78580830292304,446.1203188055987,201.74699264187774,5,5,success,
run_1759049038562_80fe9fb6,1759049230562,5,4000,2000,warm,478.71488998540855,43.96098106852068,,44.64334494906532,552.4662333359687,471.19330324081085,208.75843066097204,5,5,success,
run_1759049038562_256f09f6,1759049231562,5,4000,2000,warm,411.1038100265908,36.32947017140423,,36.134323983205476,436.591563120669,393.4685076358816,176.59324535475488,5,5,success,
run_1759049038562_51ffebdb,1759049232562,5,4000,2000,warm,419.3124027166118,22.991718956993363,,55.70625741810825,468.5660016111165,399.4831239830628,163.76519024537205,5,5,success,
run_1759049038562_560f643c,1759049233562,5,4000,2000,warm,468.8724469053257,24.057924176147743,,49.01019615389367,545.9796131818824,489.2068683561435,206.25514223507838,5,5,success,
run_1759049038562_b16ec878,1759049234562,5,4000,2000,warm,492.9817155985356,39.248457592370954,,36.77638068291034,566.548563324176,491.5523721386031,227.79720977930998,5,5,success,
run_1759049038562_a87013f7,1759049235562,5,4000,2000,warm,481.0968692948295,27.281725696300423,,30.572860651760053,485.8431662584606,435.44569543037085,203.60431399959407,5,5,success,
run_1759049038562_f9fa0fca,1759049236562,5,4000,2000,warm,449.38695341148696,29.483628375617208,,43.79162778913677,461.4985472026264,409.66432956493225,186.4280092507176,5,5,success,
run_1759049038562_d5bdfd44,1759049237562,5,4000,2000,warm,465.9414753495409,38.08691948796297,,67.96876861141618,513.7668722491658,418.13740851301327,206.1911576545884,5,5,success,
run_1759049038562_00a49dc0,1759049238562,5,4000,2000,warm,443.9024354297203,41.905914436527965,,55.04602482406159,468.51291015473686,417.28765996951887,170.10150686370613,5,5,success,
run_1759049038562_000adef9,1759049239562,5,8000,1000,cold,742.254254990279,35.431623779026616,20.26091548468917,49.02026044690312,623.0342259750184,591.4749439823327,264.46722006404855,5,5,success,
run_1759049038562_2e6f79bf,1759049240562,5,8000,1000,cold,723.7231580144571,32.38006882136121,,42.82750627034174,714.6603398196238,632.8651767039122,249.87677914496558,5,5,success,
run_1759049038562_f66db1f7,1759049241562,5,8000,1000,cold,761.8404183909687,28.597249888565898,,55.94415749618942,812.5286305341602,716.4466615018649,339.6050541389981,5,5,success,
run_1759049038562_bb0e276e,1759049242562,5,8000,1000,cold,694.1754017910446,23.97429165268466,,42.723586165493074,624.2127421262037,591.7500515112027,246.12643412456208,5,5,success,
run_1759049038562_2578a92e,1759049243562,5,8000,1000,cold,674.3859503313441,22.942534598601384,,41.60074330110477,680.9249115956897,587.2648011241935,277.3050936487869,5,5,success,
run_1759049038562_fbc7a7ce,1759049244562,5,8000,1000,cold,747.0409797594046,36.62750308904902,,69.10633226845414,708.5985791954943,616.3666691940582,265.28355506363005,5,5,success,
run_1759049038562_24769145,1759049245562,5,8000,1000,cold,764.5727057658804,41.673400265041344,,65.58316959425653,779.562675647896,679.7438047243284,328.8217901018307,5,5,success,
run_1759049038562_8c9eb660,1759049246562,5,8000,1000,cold,722.0651466384925,46.800006180767554,,66.09421341689439,684.3613328461761,650.3314407289142,232.35260560564012,5,5,success,
run_1759049038562_718ec667,1759049247562,5,8000,1000,cold,783.0852105008021,49.65974351187437,,49.23340706697797,767.119369764849,688.326710669029,290.65554661470844,5,5,success,
run_1759049038562_f32fecaf,1759049248562,5,8000,1000,cold,758.3171159115009,24.23959494829831,,41.76464581136347,809.7974315850914,740.891729707055,310.9696776365569,5,5,success,
run_1759049038562_683abc5e,1759049249562,5,8000,1000,warm,663.36821071473,25.37756667941031,18.27806258870674,40.63358426275214,766.9986252144371,669.8136565469907,273.8291702776036,5,5,success,
run_1759049038562_dc184b60,1759049250562,5,8000,1000,warm,679.3147707655553,49.826694802103724,,42.64490433403742,801.296421575066,733.5564962390583,310.0180134375994,5,5,success,
run_1759049038562_f9c6aafc,1759049251562,5,8000,1000,warm,733.2874989603094,49.29889304835103,,56.95918135294417,818.7607559201775,711.1986451100487,295.7588839533963,5,5,success,
run_1759049038562_9cf14386,1759049252562,5,8000,1000,warm,621.7318483820566,32.1011428341254,,48.83676981914498,708.6675942485739,635.5566205051932,310.8952046167156,5,5,success,
run_1759049038562_25cb9ec2,1759049253562,5,8000,1000,warm,735.7940617420669,36.56284712822983,,45.56512932429297,797.9769336441688,703.9546663711908,334.0232877460334,5,5,success,
run_1759049038562_b9dd2091,1759049254562,5,8000,1000,warm,632.9807135104054,45.53921239319989,,69.62227614500603,695.0322519252558,577.4881588918236,270.67753627144145,5,5,success,
run_1759049038562_2518de8f,1759049255562,5,8000,1000,warm,692.7612163423394,36.874171099139424,,60.49374317486952,764.0357186663083,621.3384680647362,254.61370135894904,5,5,success,
run_1759049038562_e2bdf8bc,1759049256562,5,8000,1000,warm,617.1792987902046,39.383936512981265,,51.61282887099863,746.7457091916369,681.5246844681099,289.7718883879819,5,5,success,
run_1759049038562_efb4282a,1759049257562,5,8000,1000,warm,645.4401830133628,29.28274155920996,,43.47743821074553,744.0334276610474,662.3812198526797,284.73099456415036,5,5,success,
run_1759049038562_43017624,1759049258562,5,8000,1000,warm,667.0827141666219,31.32608963649693,,67.05165207457469,766.4341411326501,639.6011398149816,269.94558801708297,5,5,success,
run_1759049038562_10781c77,1759049259562,5,8000,2000,cold,765.0738840170925,39.429299218204534,25.563785593231444,49.22100234771161,759.6691527547285,721.7744120877594,279.2163355672079,5,5,success,
run_1759049038562_2141c352,1759049260562,5,8000,2000,cold,747.9593313666527,40.3602316634738,,59.246362016942726,763.9824077908277,660.0335140314803,285.57028333438774,5,5,success,
run_1759049038562_6a2c9374,1759049261562,5,8000,2000,cold,709.9993219939788,44.556118820926116,,54.34370982601982,717.0797388135335,653.0840922441404,266.7949064343342,5,5,success,
run_1759049038562_e5441394,1759049262562,5,8000,2000,cold,757.000699849227,26.548171439626454,,41.83102206339239,720.4887326447364,639.0346948733443,302.4702423744018,5,5,success,
run_1759049038562_370bbc42,1759049263562,5,8000,2000,cold,685.5342458574341,21.085702478747645,,58.28082475094526,677.4042357972313,600.2212768360139,276.6166322727862,5,5,success,
run_1759049038562_a5e4c0e8,1759049264562,5,8000,2000,cold,676.9748320205243,32.54984256190301,,35.15123079835465,642.9042915565805,560.7584712891273,250.10043708952153,5,5,success,
run_1759049038562_97d2f0d6,1759049265562,5,8000,2000,cold,787.1108492359662,45.03109626585119,,46.077834427312396,808.4605111995622,731.109498909236,345.2068984063767,5,5,success,
run_1759049038562_dac8dbd0,1759049266562,5,8000,2000,cold,704.2310946737078,40.46657505010039,,47.94830543873073,711.9073912720926,589.2282236314593,297.78083047120674,5,5,success,
run_1759049038562_d0d7469d,1759049267562,5,8000,2000,cold,752.6509721714319,43.39357810896918,,36.1714318572251,781.2977210029029,672.2154289366101,289.7449562952799,5,5,success,
run_1759049038562_98fcc2f3,1759049268562,5,8000,2000,cold,779.1951590426664,42.874429834892254,,41.86714443681032,760.330835605296,709.7182004437936,295.1989055523235,5,5,success,
run_1759049038562_13178a07,1759049269562,5,8000,2000,warm,744.1650588195757,38.13941035597621,20.70384093694554,63.57210645602177,778.40798335366,726.6434615195864,312.5524745577799,5,5,success,
run_1759049038562_c6953dd9,1759049270562,5,8000,2000,warm,668.5016204655639,22.852932176139678,,47.77497126011629,763.0427855139602,655.8409217263468,294.728021753517,5,5,success,
run_1759049038562_b7bd5acf,1759049271562,5,8000,2000,warm,725.7424947260944,46.12224122141243,,45.99714092027149,774.6069536380671,713.8974351317377,275.5736349584687,5,5,success,
run_1759049038562_233736aa,1759049272562,5,8000,2000,warm,719.0748473683567,43.14567146833217,,63.09199744026942,794.3031148310301,633.0275776235342,326.5566930856259,5,5,success,
run_1759049038562_0c92353b,1759049273562,5,8000,2000,warm,691.3911652305666,31.56295406627321,,62.78819154837385,746.3473501140701,632.1071645029197,310.8714159508944,5,5,success,
run_1759049038562_15846437,1759049274562,5,8000,2000,warm,638.1273183576254,25.78290732738578,,40.88134290437549,668.2411306294971,593.3931632182499,289.21970542278297,5,5,success,
run_1759049038562_86ed2147,1759049275562,5,8000,2000,warm,664.7464886914771,22.049642403556017,,46.19977554645275,724.2382428341556,650.2761405306175,301.2082424023532,5,5,success,
run_1759049038562_3e0c10c3,1759049276562,5,8000,2000,warm,646.6933149341893,49.563627301773465,,31.371313976164473,719.9500077032307,619.461028465553,299.95997954988184,5,5,success,
run_1759049038562_23906f6c,1759049277562,5,8000,2000,warm,668.1408606031304,27.454976388280684,,37.50215476428699,793.5645072146879,653.7295853398714,298.9234353021003,5,5,success,
run_1759049038562_8a49a786,1759049278562,5,8000,2000,warm,723.7724031497415,38.17447171797636,,48.87961885318318,814.9690368900506,700.9214676259343,324.77956118382224,5,5,success,
run_1759049038562_acc04435,1759049279562,7,1000,1000,cold,428.1237471441155,36.67022731268291,26.784174877806635,33.416786441290746,389.76682151784104,336.9463043451976,152.1040754198061,7,7,success,
run_1759049038563_4f846055,1759049280563,7,1000,1000,cold,435.31135372562454,42.015795444321014,,56.11556976785736,400.06805079569386,353.8203799783193,177.5815613568925,7,7,success,
run_1759049038563_2d992ea5,1759049281563,7,1000,1000,cold,448.1992352388712,40.096550913670036,,61.42013464872291,397.8140161637949,336.5493708615785,177.18835944174296,7,7,success,
run_1759049038563_0291054b,1759049282563,7,1000,1000,cold,365.81522893415985,35.88719764815468,,63.45903660025436,297.73786555447646,255.15543951189971,146.41133707185836,7,7,success,
run_1759049038563_7fc65b82,1759049283563,7,1000,1000,cold,379.08812807306424,34.9892879163347,,37.75004891618452,333.0992648325079,299.5274736109723,131.60212983885359,7,7,success,
run_1759049038563_5e61b3c8,1759049284563,7,1000,1000,cold,379.5729333503611,26.324969936190048,,31.56044233168292,383.2409694361158,334.12758473748363,146.8315552722873,7,7,success,
run_1759049038563_302d876f,1759049285563,7,1000,1000,cold,370.3944172151341,40.95948741715681,,43.989316571557914,323.80281270165426,286.4196912520711,159.95460128506102,7,7,success,
run_1759049038563_eebd7740,1759049286563,7,1000,1000,cold,414.83971319335177,42.612726569492224,,45.103931573901725,387.74193131631665,330.2439701644076,173.30059672280873,7,7,success,
run_1759049038563_8185acf1,1759049287563,7,1000,1000,cold,337.9669313612795,39.2238600920512,,34.740928992149634,286.02344614734125,241.11764628968254,124.90188590692465,7,7,success,
run_1759049038563_b7206af8,1759049288563,7,1000,1000,cold,343.48890311475935,30.833404660020697,,42.03796398248356,319.836266933132,271.72389575265686,108.77146029759543,7,7,success,
run_1759049038563_f7c6f32e,1759049289563,7,1000,1000,warm,337.64253009306674,32.95636563708318,30.736860952785904,40.138077270493426,303.38477502904203,269.7853995891608,128.6480819486582,7,7,success,
run_1759049038563_e317b119,1759049290563,7,1000,1000,warm,353.6508994237223,31.92881657342364,,31.746202593212534,384.75094991643084,335.06274462501887,146.6166509225077,7,7,success,
run_1759049038563_be268855,1759049291563,7,1000,1000,warm,355.2035536039575,49.52300914067769,,66.37539606877353,289.0288257606655,263.34054324295636,127.9792370000549,7,7,success,
run_1759049038563_5d11c01c,1759049292563,7,1000,1000,warm,302.56558925757565,23.196720991038767,,32.66377224893794,324.438772391847,293.32754097574195,153.70164075638618,7,7,success,
run_1759049038563_4966d6b7,1759049293563,7,1000,1000,warm,379.39413768003647,35.98662524497246,,42.070941345017836,389.8049315708282,328.2843186068261,133.31330554514471,7,7,success,
run_1759049038563_1660b94e,1759049294563,7,1000,1000,warm,319.64599486204025,26.60001371736401,,66.92028192919693,315.21893599436055,286.5118335656328,131.4239633688318,7,7,success,
run_1759049038563_af3d5e02,1759049295563,7,1000,1000,warm,295.58190049237544,35.49311178845953,,32.722625864259385,303.7587617555213,259.4477769303622,136.12562404152783,7,7,success,
run_1759049038563_a574b0ae,1759049296563,7,1000,1000,warm,299.5767932900147,29.925869663859793,,44.97135697374404,289.4402987071424,253.09548019800087,99.58091212498736,7,7,success,
run_1759049038563_40d17022,1759049297563,7,1000,1000,warm,353.9497605017628,40.28534608292541,,38.07101884509878,361.857532813306,310.578319812391,156.9161015801385,7,7,success,
run_1759049038563_ce986c42,1759049298563,7,1000,1000,warm,360.8807025618126,48.83750289615696,,37.99452714172023,399.3193260721919,358.0606170817172,131.12399897396736,7,7,success,
run_1759049038563_43806faa,1759049299563,7,1000,2000,cold,379.26147864675426,25.384306582383434,27.270204968278136,41.702666172699914,323.7334350286171,287.20238078564233,128.6271662051992,7,7,success,
run_1759049038563_3c1764f4,1759049300563,7,1000,2000,cold,450.25262543473843,45.59213705189147,,54.798086517498206,387.7404407028108,332.7355409054921,166.35502622391738,7,7,success,
run_1759049038563_53cd3deb,1759049301563,7,1000,2000,cold,351.70918562957604,48.07371759718556,,36.80635642295688,304.46235486082793,249.21882157180696,127.68487075525272,7,7,success,
run_1759049038563_4f609082,1759049302563,7,1000,2000,cold,391.3200218097557,25.135551991207954,,50.464769603466706,373.2086405167459,324.9001879812221,181.16421926283667,7,7,success,
run_1759049038563_2cd41338,1759049303563,7,1000,2000,cold,336.1398305627163,26.602101045840406,,45.307288260589935,284.40484273513033,253.3096589196077,115.77145127037348,7,7,success,
run_1759049038563_e8eae766,1759049304563,7,1000,2000,cold,347.19148369863825,20.559047245581723,,41.12476314011531,337.0526371996979,291.7812757614027,148.85752020270667,7,7,success,
run_1759049038563_d0f96758,1759049305563,7,1000,2000,cold,381.33456329502474,21.246071215723482,,54.43412225876702,355.5974202693499,304.23318149457475,127.64571710939836,7,7,success,
run_1759049038563_c070b1c2,1759049306563,7,1000,2000,cold,418.88982302279976,37.34676214298538,,46.43504592303421,386.42787604585874,362.03738580882657,127.78324193571667,7,7,success,
run_1759049038563_e4c0e815,1759049307563,7,1000,2000,cold,328.3555215020464,44.54576602019876,,32.40671960970132,286.6401748539753,260.71280996519255,124.26201587683018,7,7,success,
run_1759049038563_1fc27c88,1759049308563,7,1000,2000,cold,349.2629117034102,35.752685979228175,,32.27008343526624,336.76379898953155,292.1946256658196,140.72255733453548,7,7,success,
run_1759049038563_caa673db,1759049309563,7,1000,2000,warm,376.0137538061547,45.4401977607498,24.556867477522964,63.529035855366914,312.9961330449784,264.54687419586486,121.61384746907825,7,7,success,
run_1759049038563_c2b54c2a,1759049310563,7,1000,2000,warm,317.6033262721736,29.372750513301213,,49.26152145793246,328.920431803159,287.6093268317151,159.41990107942829,7,7,success,
run_1759049038563_e379edb3,1759049311563,7,1000,2000,warm,334.6174938395174,47.382880776972776,,56.26403604130621,316.20913815879726,273.60174319945287,147.0972754135305,7,7,success,
run_1759049038563_8ef55263,1759049312563,7,1000,2000,warm,372.0474229784768,30.480585856556186,,31.147812877703835,405.17498817514496,353.26165639851513,171.67884238259583,7,7,success,
run_1759049038563_e102ea2b,1759049313563,7,1000,2000,warm,355.53357827996484,32.706380210706556,,49.878560943848726,350.0877043813931,298.4685519586738,144.38602705681828,7,7,success,
run_1759049038563_951aacf5,1759049314563,7,1000,2000,warm,372.4352224775874,20.44777335882217,,52.581614417821456,395.0469725722958,316.7846943691231,148.70682536707523,7,7,success,
run_1759049038563_9f1afadd,1759049315563,7,1000,2000,warm,374.50307806751744,20.610605452249754,,33.05068633578599,402.80682446597103,357.93348643943096,152.33138963279296,7,7,success,
run_1759049038563_11a8c3b6,1759049316563,7,1000,2000,warm,284.79128755408783,22.81168596603929,,48.86473214430093,274.157388878122,243.18900870246281,119.1423202828411,7,7,success,
run_1759049038563_7cef9127,1759049317563,7,1000,2000,warm,276.27751504097347,39.18085479428868,,30.412701174024825,299.07304116559504,258.1490300391107,114.93251930104152,7,7,success,
run_1759049038563_c4317742,1759049318563,7,1000,2000,warm,373.19616909153706,34.41746270884227,,66.34766698413878,346.700483704862,301.5664453466755,160.62090972802096,7,7,success,
run_1759049038563_0acfb5d4,1759049319563,7,4000,1000,cold,532.9090863804931,24.01038710885692,23.24628474637403,44.75836794368885,527.2368321824254,468.00361522753354,226.7901236267685,7,7,success,
run_1759049038563_7a2d03fe,1759049320563,7,4000,1000,cold,483.4495498766582,27.811776667753172,,44.58660755549177,463.1330184138619,414.4197843092247,179.53366903503678,7,7,success,
run_1759049038563_8732e0e8,1759049321563,7,4000,1000,cold,590.8646815904583,44.90508587752908,,58.037670017661455,580.279915710829,484.43658840917317,233.32525212549734,7,7,success,
run_1759049038563_ed064ab2,1759049322563,7,4000,1000,cold,461.4753162485663,27.00042865067502,,30.0047716980633,482.19025474430464,402.3649520669906,178.6365908217944,7,7,success,
run_1759049038563_29be38e8,1759049323563,7,4000,1000,cold,506.69970179670804,31.944087415087594,,42.042884655861045,476.2407465081801,411.7924911748396,212.30446381310932,7,7,success,
run_1759049038563_054734e5,1759049324563,7,4000,1000,cold,569.8104875482761,24.398502391679433,,63.893014811815746,538.6696200057389,470.77888949835943,223.38664693296147,7,7,success,
run_1759049038563_dd3526ab,1759049325563,7,4000,1000,cold,536.0076373271755,46.75821234288426,,47.75722211375971,469.0617135971813,425.1724229207902,238.20220114274844,7,7,success,
run_1759049038563_f7824ae2,1759049326563,7,4000,1000,cold,537.4192736540482,23.168494552476307,,50.25157647021781,550.1097703548202,488.53090042864824,230.2247029684777,7,7,success,
run_1759049038563_68b5c472,1759049327563,7,4000,1000,cold,591.2871947754317,39.29176546624369,,54.38634871233412,592.0704304429602,535.7669979449423,218.19099947005876,7,7,success,
run_1759049038563_ffdaff1c,1759049328563,7,4000,1000,cold,511.6807641477325,43.08420657068265,,51.69070420480217,480.6794347111485,422.7290944147424,171.17509424607584,7,7,success,
run_1759049038563_1f941951,1759049329563,7,4000,1000,warm,541.3246077052962,45.5636475775337,21.923421111111754,57.653943044601974,570.618690190779,487.9199832469058,229.6569747212668,7,7,success,
run_1759049038563_72a228db,1759049330563,7,4000,1000,warm,498.31185506514015,33.188048014153765,,31.084353587878066,577.8799548852355,488.83913728582195,201.56006895610307,7,7,success,
run_1759049038563_dd86eafb,1759049331563,7,4000,1000,warm,497.31403714837415,45.183538574016836,,60.02527874404899,511.31660170363773,444.09616127052567,199.93184388323152,7,7,success,
run_1759049038563_ede9c19b,1759049332563,7,4000,1000,warm,498.3466906182927,39.51917570404193,,66.31798539714904,437.15457012200466,400.9798427201057,226.31833077357376,7,7,success,
run_1759049038563_d0675a6c,1759049333563,7,4000,1000,warm,475.4189458618264,29.358348742067886,,64.5608818059948,454.27953806916884,410.3480698286671,199.4508709632237,7,7,success,
run_1759049038563_7a1258f0,1759049334563,7,4000,1000,warm,554.1416918114006,41.98971540954396,,64.51783216651266,572.1231021632503,454.12942180452006,194.31900905839308,7,7,success,
run_1759049038563_a70d5dda,1759049335563,7,4000,1000,warm,466.9898924641822,30.66365067247382,,41.98583658708343,517.4437796457619,445.69977338156116,196.1754218938995,7,7,success,
run_1759049038563_a815a00c,1759049336563,7,4000,1000,warm,464.6943586072382,47.33180363722268,,59.92050539369501,431.3359229959157,391.6871575203071,187.27526580457445,7,7,success,
run_1759049038563_d7db959e,1759049337563,7,4000,1000,warm,444.5811460068405,33.79440346409018,,57.491938692406094,424.91360531087133,402.18745197189133,187.9944608257662,7,7,success,
run_1759049038563_ea81cd11,1759049338563,7,4000,1000,warm,448.88292932724363,43.667780408098416,,57.45227164620636,491.3305290557073,420.5904265495829,195.68843165013678,7,7,success,
run_1759049038563_123ac9f5,1759049339563,7,4000,2000,cold,520.1117020394705,21.273765440006677,21.019670413525922,62.09857245424988,463.52853993249806,433.71436884979295,198.86677469877102,7,7,success,
run_1759049038563_df6fd123,1759049340563,7,4000,2000,cold,530.4631348965067,26.172700161365334,,62.42177823556359,482.0950320980314,427.4799928033781,180.26420678019826,7,7,success,
run_1759049038563_7aa2be62,1759049341563,7,4000,2000,cold,533.5822160191819,48.07335779160901,,62.187210264443166,501.4533807209324,420.787620307843,182.3259714849678,7,7,success,
run_1759049038563_5ecebdcf,1759049342563,7,4000,2000,cold,562.995228120029,44.110816817543395,,67.74335124141368,539.8498684966863,493.07651377627855,196.60269875000975,7,7,success,
run_1759049038563_aa318922,1759049343563,7,4000,2000,cold,519.3444092462568,48.79328894078186,,61.17660019138186,484.37676951943814,423.03157347471216,201.8284023204796,7,7,success,
run_1759049038563_0331f55d,1759049344563,7,4000,2000,cold,549.6725686337089,43.665553608122224,,34.223846307682194,543.8405456550187,468.3132019061797,181.72973505091713,7,7,success,
run_1759049038563_4b2c462f,1759049345563,7,4000,2000,cold,502.0083494139453,28.09712412576078,,44.16640801961549,505.5297572761034,437.5782551158547,184.18583575051886,7,7,success,
run_1759049038563_d983f690,1759049346563,7,4000,2000,cold,506.9976790299259,43.85796321344785,,48.65389040388998,482.2128469498931,426.80639930693945,214.04147822706855,7,7,success,
run_1759049038563_3d5f4b0b,1759049347563,7,4000,2000,cold,510.68423734409606,36.33822283333208,,62.734112543786594,446.8460259801238,407.3052746246414,211.04650435320931,7,7,success,
run_1759049038563_5dd6b717,1759049348563,7,4000,2000,cold,549.4442702584989,25.94905338022707,,52.96422844687978,546.6469974049714,469.13486268222454,207.48353764536733,7,7,success,
run_1759049038563_077e07c1,1759049349563,7,4000,2000,warm,533.8508980310543,28.741570823634778,17.694832692086862,64.82003074599395,553.5446115987099,492.69476487381945,241.28037595540715,7,7,success,
run_1759049038563_8f46f02c,1759049350563,7,4000,2000,warm,505.0911171933266,35.04248732913056,,56.468158016932094,575.9485059156076,493.1111663863806,207.93746352389502,7,7,success,
run_1759049038563_f8071342,1759049351563,7,4000,2000,warm,448.96004834882524,38.552217220454146,,58.30125035439899,486.57140394052385,387.8298266647004,198.05704656421108,7,7,success,
run_1759049038563_bd236085,1759049352563,7,4000,2000,warm,478.6943338118618,28.948444705763293,,44.00323211025275,559.7550841591282,519.7058286925354,204.11375448906986,7,7,success,
run_1759049038563_391924b4,1759049353563,7,4000,2000,warm,539.2443243703414,48.18657573150374,,46.64404996981705,542.1725180902616,462.6361250392576,244.99975497634864,7,7,success,
run_1759049038563_2eec43c6,1759049354563,7,4000,2000,warm,433.0164239543999,41.43607862946438,,60.43167957926451,466.0806259863481,390.5907668712271,186.13785015972124,7,7,success,
run_1759049038563_dfb219a6,1759049355563,7,4000,2000,warm,446.78021740641793,30.847239295375587,,31.316379023585466,511.26498732525266,451.00171534742395,209.23095887584762,7,7,success,
run_1759049038563_f037d2e0,1759049356563,7,4000,2000,warm,557.1763369440253,47.77544330904442,,63.05046964654623,571.2596531916716,484.8792708943967,239.2432520700622,7,7,success,
run_1759049038563_98af3de4,1759049357563,7,4000,2000,warm,490.40001309051695,26.403135329803263,,56.70101824677272,534.2661605196453,483.34671300414357,243.92415356846263,7,7,success,
run_1759049038563_01d46f5a,1759049358563,7,4000,2000,warm,504.2552273543868,32.17926350782232,,50.09271998768913,496.2445746517524,441.70564229673494,188.0368495065584,7,7,success,
run_1759049038563_469d39e6,1759049359563,7,8000,1000,cold,744.4918099787686,22.55555000928628,29.124983486956705,55.83626278387881,695.4401512360442,647.6273174299639,302.6453569944016,7,7,success,
run_1759049038563_efaaf8e5,1759049360563,7,8000,1000,cold,741.7445250772124,48.697629963263694,,40.0823746338031,732.6888294014444,680.5748597683429,279.1426352979978,7,7,success,
run_1759049038563_26a65a87,1759049361563,7,8000,1000,cold,720.3768651873373,38.865632970509935,,61.1188298729273,728.0860921253292,652.4712084514641,267.50717240733536,7,7,success,
run_1759049038563_41c890b5,1759049362563,7,8000,1000,cold,719.7804033722647,36.04366044264013,,39.02889653631733,755.177288034942,704.874632545371,289.37742066598213,7,7,success,
run_1759049038563_fe32cffe,1759049363563,7,8000,1000,cold,756.018680355656,35.12243483942306,,40.30786418544763,771.1635384728754,667.8657797557692,264.2738506835609,7,7,success,
run_1759049038563_d7911cd5,1759049364563,7,8000,1000,cold,755.23329551352,25.274114773099157,,57.88616858204229,781.2816815820566,696.6428177843978,328.7195136566441,7,7,success,
run_1759049038563_a407ae51,1759049365563,7,8000,1000,cold,765.2205552939107,37.05512475665,,48.22313851729745,807.5410356402958,683.6691526144406,327.64468042556615,7,7,success,
run_1759049038563_5eebfe2c,1759049366563,7,8000,1000,cold,726.943800403616,37.81168480260879,,30.229118361028906,758.1624946279417,675.8003473984485,278.20101889553325,7,7,success,
run_1759049038563_6b3911b8,1759049367563,7,8000,1000,cold,769.9312847669776,38.61252197290225,,51.5463453284392,808.9821381853234,690.1241096175166,275.07912814984724,7,7,success,
run_1759049038563_f76d63db,1759049368563,7,8000,1000,cold,702.3109547569727,22.611767143717096,,32.736146147960135,736.5854533516958,623.2358895266646,257.59522439281375,7,7,success,
run_1759049038563_9f27f798,1759049369563,7,8000,1000,warm,672.4658534108372,31.94550028815468,24.601607949494376,46.88955044592206,775.8920605184661,722.9283455702223,292.71711759722365,7,7,success,
run_1759049038563_d52d884a,1759049370563,7,8000,1000,warm,697.0457182124552,35.020035468595644,,38.951051549167104,767.7134919255701,671.1544568295612,280.951736301053,7,7,success,
run_1759049038563_135fe88f,1759049371563,7,8000,1000,warm,670.79916512706,41.406844932011026,,43.45184104190275,766.2948422751238,690.9552227504076,262.3525865011233,7,7,success,
run_1759049038563_76d5716a,1759049372563,7,8000,1000,warm,633.9321854945492,46.935816761102515,,34.450727550689194,766.0472693420203,642.7141163288721,302.4216735060237,7,7,success,
run_1759049038563_5c37bee1,1759049373563,7,8000,1000,warm,673.4891375941914,26.461420306558704,,43.628595477468096,820.2604521561108,674.3749014980439,315.35756111409034,7,7,success,
run_1759049038564_a4ce8926,1759049374564,7,8000,1000,warm,638.4833357782566,21.710677350552306,,56.380058234606594,761.9766185095266,676.8247696740048,309.04853693390714,7,7,success,
run_1759049038564_86692e6b,1759049375564,7,8000,1000,warm,662.1977103203591,44.844006317430775,,48.412902703852374,751.2883746941861,643.5678808075066,273.87749701485376,7,7,success,
run_1759049038564_d0ee8d0b,1759049376564,7,8000,1000,warm,676.430192695549,23.272915793934253,,55.57512280171033,805.2934746646729,667.7166441151858,271.82890074750884,7,7,success,
run_1759049038564_7077b332,1759049377564,7,8000,1000,warm,698.3176896639429,49.77014345510027,,49.89112561537156,746.5332366745579,605.658142974675,284.5695733882732,7,7,success,
run_1759049038564_116b8e9d,1759049378564,7,8000,1000,warm,684.7447435042953,23.77631950988366,,59.85909038195682,812.9996918285442,688.6198993038004,279.3502315909932,7,7,success,
run_1759049038564_a7fbcb7a,1759049379564,7,8000,2000,cold,749.2193799022697,25.23097093394245,27.46006407361456,67.14541134230184,680.0903867538013,601.3934706811475,245.76564765049451,7,7,success,
run_1759049038564_485e1645,1759049380564,7,8000,2000,cold,696.8355097822914,23.141961427230054,,40.410079756226764,734.6883667601846,665.2067033388741,291.6042921255089,7,7,success,
run_1759049038564_79b0946d,1759049381564,7,8000,2000,cold,694.9922350065258,36.42701713340841,,30.40573902184084,737.1198277636353,607.3080114984103,247.28036382440297,7,7,success,
run_1759049038564_e1ff6e17,1759049382564,7,8000,2000,cold,706.3973159838098,42.52143417069354,,51.91142557487816,730.2431159447165,611.3544773372017,286.3396674195542,7,7,success,
run_1759049038564_12f5d0d2,1759049383564,7,8000,2000,cold,684.2022925457258,41.88148445983616,,35.8830294165803,702.8564822372034,614.0246233881679,253.03139924765966,7,7,success,
run_1759049038564_c91e7aff,1759049384564,7,8000,2000,cold,679.2874821080679,42.389748903336795,,36.03477797920772,693.2248145264218,641.1966198224287,253.29791962072775,7,7,success,
run_1759049038564_b947a90f,1759049385564,7,8000,2000,cold,719.6768641781892,46.46854335174254,,59.08667907996815,723.1035509604022,647.7344671845227,312.9680008360252,7,7,success,
run_1759049038564_fa7e6d07,1759049386564,7,8000,2000,cold,693.3268325792945,27.7371629860123,,36.51279896605005,703.0642526418193,603.5787485595383,293.1608558346939,7,7,success,
run_1759049038564_48187ea5,1759049387564,7,8000,2000,cold,704.0569169250246,23.336382147056696,,68.64351260392063,711.5441326077776,631.7899697754239,246.3277986952469,7,7,success,
run_1759049038564_b161536e,1759049388564,7,8000,2000,cold,719.6735422593604,44.90784324497572,,58.264185710953996,722.5796202729343,620.9069176850608,267.6006172608416,7,7,success,
run_1759049038564_a6041909,1759049389564,7,8000,2000,warm,751.3151658714735,32.03030949045185,32.61331885738864,44.499305990767766,825.2999833268391,675.5790008334678,341.65485070142273,7,7,success,
run_1759049038564_84d5f902,1759049390564,7,8000,2000,warm,609.391868963436,28.722660738732934,,44.04316730499431,710.6836740180555,608.8455730772841,277.8411131618865,7,7,success,
run_1759049038564_bc96317f,1759049391564,7,8000,2000,warm,633.9939722939823,35.76710026505716,,41.215615469109785,778.0190913714688,630.8181141643164,313.7349437764564,7,7,success,
run_1759049038564_6241155b,1759049392564,7,8000,2000,warm,627.9990237256312,28.66613446426353,,42.595742591952444,728.8431430590987,644.009635522434,274.76700128750224,7,7,success,
run_1759049038564_20b26ab9,1759049393564,7,8000,2000,warm,681.2361208331234,41.454503001851585,,55.2993403918194,725.9251718971526,657.4580246921139,251.68588131533465,7,7,success,
run_1759049038564_74ef0062,1759049394564,7,8000,2000,warm,627.859881178381,48.968248512141926,,63.627637452901354,678.1846865655268,578.223665022207,265.5723250390955,7,7,success,
run_1759049038564_8a3c28ab,1759049395564,7,8000,2000,warm,725.6792853998837,30.36059782013804,,60.96534332084346,772.9605965962123,639.578931653242,296.4306283414683,7,7,success,
run_1759049038564_8c3f1372,1759049396564,7,8000,2000,warm,708.6683270386565,38.08238412467897,,66.38477393215786,759.3152342787082,674.1516955868838,313.2007358047994,7,7,success,
run_1759049038564_9adb24c6,1759049397564,7,8000,2000,warm,612.8263288940212,20.30055570353139,,69.64403906356625,712.1437711309815,599.1927012739288,255.8499281306308,7,7,success,
run_1759049038564_f78a0342,1759049398564,7,8000,2000,warm,639.1432413079967,47.232850170116606,,47.61237385682729,690.1110955617304,589.9439340249863,259.82711963548104,7,7,success,
error_1759049038564_f20cfcfe,1759050038564,3,1000,1000,cold,,,,,,,,,,error,Timeout exceeded
error_1759049038564_fb2214c6,1759050039564,3,1000,1000,cold,,,,,,,,,,error,Timeout exceeded
error_1759049038564_837c0684,1759050040564,3,1000,1000,cold,,,,,,,,,,error,Timeout exceeded
error_1759049038564_a01fc2aa,1759050041564,3,1000,1000,cold,,,,,,,,,,error,Timeout exceeded
error_1759049038564_ef589344,1759050042564,3,1000,1000,cold,,,,,,,,,,error,Timeout exceeded
error_1759049038564_50bc5e35,1759050043564,3,1000,1000,cold,,,,,,,,,,error,Timeout exceeded
error_1759049038564_0c93368d,1759050044564,3,1000,1000,cold,,,,,,,,,,error,Timeout exceeded
error_1759049038564_fd1db13e,1759050045564,3,1000,1000,cold,,,,,,,,,,error,Timeout exceeded
error_1759049038564_c22ca723,1759050046564,3,1000,1000,cold,,,,,,,,,,error,Timeout exceeded
error_1759049038564_cdb94b91,1759050047564,3,1000,1000,cold,,,,,,,,,,error,Timeout exceeded
error_1759049038564_32754218,1759050048564,3,1000,1000,cold,,,,,,,,,,error,Timeout exceeded
error_1759049038564_c00717e8,1759050049564,3,1000,1000,cold,,,,,,,,,,error,Timeout exceeded
error_1759049038564_035c1a58,1759050050564,3,1000,1000,cold,,,,,,,,,,error,Timeout exceeded
error_1759049038564_99fe2837,1759050051564,3,1000,1000,cold,,,,,,,,,,error,Timeout exceeded
error_1759049038564_51125f62,1759050052564,3,1000,1000,cold,,,,,,,,,,error,Timeout exceeded
error_1759049038564_599337ee,1759050053564,3,1000,1000,cold,,,,,,,,,,error,Timeout exceeded
error_1759049038564_f836fe8c,1759050054564,3,1000,1000,cold,,,,,,,,,,error,Timeout exceeded
error_1759049038564_800cb257,1759050055564,3,1000,1000,cold,,,,,,,,,,error,Timeout exceeded
error_1759049038564_c8cf28ed,1759050056564,3,1000,1000,cold,,,,,,,,,,error,Timeout exceeded
error_1759049038564_55e98817,1759050057564,3,1000,1000,cold,,,,,,,,,,error,Timeout exceeded